anio,informalidad_empresarial_nacional
2019,86.35000000000001
2020,86.83333333333333
2021,87.0
2022,86.39999999999999
2023,87.21666666666665
2024,86.95833333333333
